DATAFLOW,FREQ,REF_AREA,DATA_TYPE,SEX,AGE,MARITAL_STATUS,TIME_PERIOD,OBS_VALUE,OBS_STATUS,NOTE_DS,NOTE_REF_AREA,NOTE_DATA_TYPE,NOTE_SEX,NOTE_AGE,NOTE_MARITAL_STATUS,BASE_PER,UNIT_MEAS,UNIT_MULT
IT1:22_289_DF_DCIS_POPRES1_24(1.0),A,001001,JAN,9,TOTAL,99,2025,2585,,,FILTER__ITC1,,,,,,,
IT1:22_289_DF_DCIS_POPRES1_24(1.0),A,001001,JAN,9,TOTAL,99,2026,2584,e,,FILTER__ITC1,,,,,,,
IT1:22_289_DF_DCIS_POPRES1_24(1.0),A,001001,JAN,9,Y_GE100,99,2025,1,,,FILTER__ITC1,,,,,,,
IT1:22_289_DF_DCIS_POPRES1_24(1.0),A,001001,JAN,9,Y_GE100,99,2026,0,e,,FILTER__ITC1,,,,,,,
IT1:22_289_DF_DCIS_POPRES1_24(1.0),A,001001,JAN,9,Y0,99,2025,18,,,FILTER__ITC1,,,,,,,
IT1:22_289_DF_DCIS_POPRES1_24(1.0),A,001001,JAN,9,Y0,99,2026,18,e,,FILTER__ITC1,,,,,,,
IT1:22_289_DF_DCIS_POPRES1_24(1.0),A,001001,JAN,9,Y1,99,2025,13,,,FILTER__ITC1,,,,,,,
IT1:22_289_DF_DCIS_POPRES1_24(1.0),A,001001,JAN,9,Y1,99,2026,20,e,,FILTER__ITC1,,,,,,,
IT1:22_289_DF_DCIS_POPRES1_24(1.0),A,001001,JAN,9,Y10,99,2025,20,,,FILTER__ITC1,,,,,,,
IT1:22_289_DF_DCIS_POPRES1_24(1.0),A,001001,JAN,9,Y10,99,2026,26,e,,FILTER__ITC1,,,,,,,
IT1:22_289_DF_DCIS_POPRES1_24(1.0),A,001001,JAN,9,Y11,99,2025,27,,,FILTER__ITC1,,,,,,,
IT1:22_289_DF_DCIS_POPRES1_24(1.0),A,001001,JAN,9,Y11,99,2026,20,e,,FILTER__ITC1,,,,,,,
IT1:22_289_DF_DCIS_POPRES1_24(1.0),A,001001,JAN,9,Y12,99,2025,23,,,FILTER__ITC1,,,,,,,
IT1:22_289_DF_DCIS_POPRES1_24(1.0),A,001001,JAN,9,Y12,99,2026,26,e,,FILTER__ITC1,,,,,,,
IT1:22_289_DF_DCIS_POPRES1_24(1.0),A,001001,JAN,9,Y13,99,2025,14,,,FILTER__ITC1,,,,,,,
IT1:22_289_DF_DCIS_POPRES1_24(1.0),A,001001,JAN,9,Y13,99,2026,22,e,,FILTER__ITC1,,,,,,,
IT1:22_289_DF_DCIS_POPRES1_24(1.0),A,001001,JAN,9,Y14,99,2025,23,,,FILTER__ITC1,,,,,,,
IT1:22_289_DF_DCIS_POPRES1_24(1.0),A,001001,JAN,9,Y14,99,2026,13,e,,FILTER__ITC1,,,,,,,
IT1:22_289_DF_DCIS_POPRES1_24(1.0),A,001001,JAN,9,Y15,99,2025,20,,,FILTER__ITC1,,,,,,,
IT1:22_289_DF_DCIS_POPRES1_24(1.0),A,001001,JAN,9,Y15,99,2026,22,e,,FILTER__ITC1,,,,,,,
IT1:22_289_DF_DCIS_POPRES1_24(1.0),A,001001,JAN,9,Y16,99,2025,26,,,FILTER__ITC1,,,,,,,
IT1:22_289_DF_DCIS_POPRES1_24(1.0),A,001001,JAN,9,Y16,99,2026,19,e,,FILTER__ITC1,,,,,,,
IT1:22_289_DF_DCIS_POPRES1_24(1.0),A,001001,JAN,9,Y17,99,2025,25,,,FILTER__ITC1,,,,,,,
IT1:22_289_DF_DCIS_POPRES1_24(1.0),A,001001,JAN,9,Y17,99,2026,26,e,,FILTER__ITC1,,,,,,,
IT1:22_289_DF_DCIS_POPRES1_24(1.0),A,001001,JAN,9,Y18,99,2025,15,,,FILTER__ITC1,,,,,,,
IT1:22_289_DF_DCIS_POPRES1_24(1.0),A,001001,JAN,9,Y18,99,2026,26,e,,FILTER__ITC1,,,,,,,
IT1:22_289_DF_DCIS_POPRES1_24(1.0),A,001001,JAN,9,Y19,99,2025,26,,,FILTER__ITC1,,,,,,,
IT1:22_289_DF_DCIS_POPRES1_24(1.0),A,001001,JAN,9,Y19,99,2026,16,e,,FILTER__ITC1,,,,,,,
IT1:22_289_DF_DCIS_POPRES1_24(1.0),A,001001,JAN,9,Y2,99,2025,12,,,FILTER__ITC1,,,,,,,
IT1:22_289_DF_DCIS_POPRES1_24(1.0),A,001001,JAN,9,Y2,99,2026,12,e,,FILTER__ITC1,,,,,,,
IT1:22_289_DF_DCIS_POPRES1_24(1.0),A,001001,JAN,9,Y20,99,2025,19,,,FILTER__ITC1,,,,,,,
IT1:22_289_DF_DCIS_POPRES1_24(1.0),A,001001,JAN,9,Y20,99,2026,32,e,,FILTER__ITC1,,,,,,,
IT1:22_289_DF_DCIS_POPRES1_24(1.0),A,001001,JAN,9,Y21,99,2025,29,,,FILTER__ITC1,,,,,,,
IT1:22_289_DF_DCIS_POPRES1_24(1.0),A,001001,JAN,9,Y21,99,2026,19,e,,FILTER__ITC1,,,,,,,
IT1:22_289_DF_DCIS_POPRES1_24(1.0),A,001001,JAN,9,Y22,99,2025,27,,,FILTER__ITC1,,,,,,,
IT1:22_289_DF_DCIS_POPRES1_24(1.0),A,001001,JAN,9,Y22,99,2026,29,e,,FILTER__ITC1,,,,,,,
IT1:22_289_DF_DCIS_POPRES1_24(1.0),A,001001,JAN,9,Y23,99,2025,22,,,FILTER__ITC1,,,,,,,
IT1:22_289_DF_DCIS_POPRES1_24(1.0),A,001001,JAN,9,Y23,99,2026,26,e,,FILTER__ITC1,,,,,,,
IT1:22_289_DF_DCIS_POPRES1_24(1.0),A,001001,JAN,9,Y24,99,2025,19,,,FILTER__ITC1,,,,,,,
IT1:22_289_DF_DCIS_POPRES1_24(1.0),A,001001,JAN,9,Y24,99,2026,23,e,,FILTER__ITC1,,,,,,,
IT1:22_289_DF_DCIS_POPRES1_24(1.0),A,001001,JAN,9,Y25,99,2025,20,,,FILTER__ITC1,,,,,,,
IT1:22_289_DF_DCIS_POPRES1_24(1.0),A,001001,JAN,9,Y25,99,2026,22,e,,FILTER__ITC1,,,,,,,
IT1:22_289_DF_DCIS_POPRES1_24(1.0),A,001001,JAN,9,Y26,99,2025,24,,,FILTER__ITC1,,,,,,,
IT1:22_289_DF_DCIS_POPRES1_24(1.0),A,001001,JAN,9,Y26,99,2026,24,e,,FILTER__ITC1,,,,,,,
IT1:22_289_DF_DCIS_POPRES1_24(1.0),A,001001,JAN,9,Y27,99,2025,23,,,FILTER__ITC1,,,,,,,
IT1:22_289_DF_DCIS_POPRES1_24(1.0),A,001001,JAN,9,Y27,99,2026,26,e,,FILTER__ITC1,,,,,,,
IT1:22_289_DF_DCIS_POPRES1_24(1.0),A,001001,JAN,9,Y28,99,2025,23,,,FILTER__ITC1,,,,,,,
IT1:22_289_DF_DCIS_POPRES1_24(1.0),A,001001,JAN,9,Y28,99,2026,19,e,,FILTER__ITC1,,,,,,,
IT1:22_289_DF_DCIS_POPRES1_24(1.0),A,001001,JAN,9,Y29,99,2025,25,,,FILTER__ITC1,,,,,,,
IT1:22_289_DF_DCIS_POPRES1_24(1.0),A,001001,JAN,9,Y29,99,2026,22,e,,FILTER__ITC1,,,,,,,
IT1:22_289_DF_DCIS_POPRES1_24(1.0),A,001001,JAN,9,Y3,99,2025,24,,,FILTER__ITC1,,,,,,,
IT1:22_289_DF_DCIS_POPRES1_24(1.0),A,001001,JAN,9,Y3,99,2026,11,e,,FILTER__ITC1,,,,,,,
IT1:22_289_DF_DCIS_POPRES1_24(1.0),A,001001,JAN,9,Y30,99,2025,34,,,FILTER__ITC1,,,,,,,
IT1:22_289_DF_DCIS_POPRES1_24(1.0),A,001001,JAN,9,Y30,99,2026,27,e,,FILTER__ITC1,,,,,,,
IT1:22_289_DF_DCIS_POPRES1_24(1.0),A,001001,JAN,9,Y31,99,2025,28,,,FILTER__ITC1,,,,,,,
IT1:22_289_DF_DCIS_POPRES1_24(1.0),A,001001,JAN,9,Y31,99,2026,34,e,,FILTER__ITC1,,,,,,,
IT1:22_289_DF_DCIS_POPRES1_24(1.0),A,001001,JAN,9,Y32,99,2025,27,,,FILTER__ITC1,,,,,,,
IT1:22_289_DF_DCIS_POPRES1_24(1.0),A,001001,JAN,9,Y32,99,2026,27,e,,FILTER__ITC1,,,,,,,
IT1:22_289_DF_DCIS_POPRES1_24(1.0),A,001001,JAN,9,Y33,99,2025,29,,,FILTER__ITC1,,,,,,,
IT1:22_289_DF_DCIS_POPRES1_24(1.0),A,001001,JAN,9,Y33,99,2026,29,e,,FILTER__ITC1,,,,,,,
IT1:22_289_DF_DCIS_POPRES1_24(1.0),A,001001,JAN,9,Y34,99,2025,31,,,FILTER__ITC1,,,,,,,
IT1:22_289_DF_DCIS_POPRES1_24(1.0),A,001001,JAN,9,Y34,99,2026,30,e,,FILTER__ITC1,,,,,,,
IT1:22_289_DF_DCIS_POPRES1_24(1.0),A,001001,JAN,9,Y35,99,2025,29,,,FILTER__ITC1,,,,,,,
IT1:22_289_DF_DCIS_POPRES1_24(1.0),A,001001,JAN,9,Y35,99,2026,32,e,,FILTER__ITC1,,,,,,,
IT1:22_289_DF_DCIS_POPRES1_24(1.0),A,001001,JAN,9,Y36,99,2025,28,,,FILTER__ITC1,,,,,,,
IT1:22_289_DF_DCIS_POPRES1_24(1.0),A,001001,JAN,9,Y36,99,2026,30,e,,FILTER__ITC1,,,,,,,
IT1:22_289_DF_DCIS_POPRES1_24(1.0),A,001001,JAN,9,Y37,99,2025,23,,,FILTER__ITC1,,,,,,,
IT1:22_289_DF_DCIS_POPRES1_24(1.0),A,001001,JAN,9,Y37,99,2026,30,e,,FILTER__ITC1,,,,,,,
IT1:22_289_DF_DCIS_POPRES1_24(1.0),A,001001,JAN,9,Y38,99,2025,23,,,FILTER__ITC1,,,,,,,
IT1:22_289_DF_DCIS_POPRES1_24(1.0),A,001001,JAN,9,Y38,99,2026,24,e,,FILTER__ITC1,,,,,,,
IT1:22_289_DF_DCIS_POPRES1_24(1.0),A,001001,JAN,9,Y39,99,2025,15,,,FILTER__ITC1,,,,,,,
IT1:22_289_DF_DCIS_POPRES1_24(1.0),A,001001,JAN,9,Y39,99,2026,19,e,,FILTER__ITC1,,,,,,,
IT1:22_289_DF_DCIS_POPRES1_24(1.0),A,001001,JAN,9,Y4,99,2025,21,,,FILTER__ITC1,,,,,,,
IT1:22_289_DF_DCIS_POPRES1_24(1.0),A,001001,JAN,9,Y4,99,2026,25,e,,FILTER__ITC1,,,,,,,
IT1:22_289_DF_DCIS_POPRES1_24(1.0),A,001001,JAN,9,Y40,99,2025,30,,,FILTER__ITC1,,,,,,,
IT1:22_289_DF_DCIS_POPRES1_24(1.0),A,001001,JAN,9,Y40,99,2026,16,e,,FILTER__ITC1,,,,,,,
IT1:22_289_DF_DCIS_POPRES1_24(1.0),A,001001,JAN,9,Y41,99,2025,30,,,FILTER__ITC1,,,,,,,
IT1:22_289_DF_DCIS_POPRES1_24(1.0),A,001001,JAN,9,Y41,99,2026,32,e,,FILTER__ITC1,,,,,,,
IT1:22_289_DF_DCIS_POPRES1_24(1.0),A,001001,JAN,9,Y42,99,2025,25,,,FILTER__ITC1,,,,,,,
IT1:22_289_DF_DCIS_POPRES1_24(1.0),A,001001,JAN,9,Y42,99,2026,28,e,,FILTER__ITC1,,,,,,,
IT1:22_289_DF_DCIS_POPRES1_24(1.0),A,001001,JAN,9,Y43,99,2025,31,,,FILTER__ITC1,,,,,,,
IT1:22_289_DF_DCIS_POPRES1_24(1.0),A,001001,JAN,9,Y43,99,2026,28,e,,FILTER__ITC1,,,,,,,
IT1:22_289_DF_DCIS_POPRES1_24(1.0),A,001001,JAN,9,Y44,99,2025,30,,,FILTER__ITC1,,,,,,,
IT1:22_289_DF_DCIS_POPRES1_24(1.0),A,001001,JAN,9,Y44,99,2026,31,e,,FILTER__ITC1,,,,,,,
IT1:22_289_DF_DCIS_POPRES1_24(1.0),A,001001,JAN,9,Y45,99,2025,23,,,FILTER__ITC1,,,,,,,
IT1:22_289_DF_DCIS_POPRES1_24(1.0),A,001001,JAN,9,Y45,99,2026,29,e,,FILTER__ITC1,,,,,,,
IT1:22_289_DF_DCIS_POPRES1_24(1.0),A,001001,JAN,9,Y46,99,2025,36,,,FILTER__ITC1,,,,,,,
IT1:22_289_DF_DCIS_POPRES1_24(1.0),A,001001,JAN,9,Y46,99,2026,25,e,,FILTER__ITC1,,,,,,,
IT1:22_289_DF_DCIS_POPRES1_24(1.0),A,001001,JAN,9,Y47,99,2025,40,,,FILTER__ITC1,,,,,,,
IT1:22_289_DF_DCIS_POPRES1_24(1.0),A,001001,JAN,9,Y47,99,2026,37,e,,FILTER__ITC1,,,,,,,
IT1:22_289_DF_DCIS_POPRES1_24(1.0),A,001001,JAN,9,Y48,99,2025,37,,,FILTER__ITC1,,,,,,,
IT1:22_289_DF_DCIS_POPRES1_24(1.0),A,001001,JAN,9,Y48,99,2026,42,e,,FILTER__ITC1,,,,,,,
IT1:22_289_DF_DCIS_POPRES1_24(1.0),A,001001,JAN,9,Y49,99,2025,34,,,FILTER__ITC1,,,,,,,
IT1:22_289_DF_DCIS_POPRES1_24(1.0),A,001001,JAN,9,Y49,99,2026,37,e,,FILTER__ITC1,,,,,,,
IT1:22_289_DF_DCIS_POPRES1_24(1.0),A,001001,JAN,9,Y5,99,2025,15,,,FILTER__ITC1,,,,,,,
IT1:22_289_DF_DCIS_POPRES1_24(1.0),A,001001,JAN,9,Y5,99,2026,21,e,,FILTER__ITC1,,,,,,,
IT1:22_289_DF_DCIS_POPRES1_24(1.0),A,001001,JAN,9,Y50,99,2025,32,,,FILTER__ITC1,,,,,,,
IT1:22_289_DF_DCIS_POPRES1_24(1.0),A,001001,JAN,9,Y50,99,2026,34,e,,FILTER__ITC1,,,,,,,
IT1:22_289_DF_DCIS_POPRES1_24(1.0),A,001001,JAN,9,Y51,99,2025,42,,,FILTER__ITC1,,,,,,,
IT1:22_289_DF_DCIS_POPRES1_24(1.0),A,001001,JAN,9,Y51,99,2026,32,e,,FILTER__ITC1,,,,,,,
IT1:22_289_DF_DCIS_POPRES1_24(1.0),A,001001,JAN,9,Y52,99,2025,44,,,FILTER__ITC1,,,,,,,
IT1:22_289_DF_DCIS_POPRES1_24(1.0),A,001001,JAN,9,Y52,99,2026,42,e,,FILTER__ITC1,,,,,,,
IT1:22_289_DF_DCIS_POPRES1_24(1.0),A,001001,JAN,9,Y53,99,2025,43,,,FILTER__ITC1,,,,,,,
IT1:22_289_DF_DCIS_POPRES1_24(1.0),A,001001,JAN,9,Y53,99,2026,45,e,,FILTER__ITC1,,,,,,,
IT1:22_289_DF_DCIS_POPRES1_24(1.0),A,001001,JAN,9,Y54,99,2025,39,,,FILTER__ITC1,,,,,,,
IT1:22_289_DF_DCIS_POPRES1_24(1.0),A,001001,JAN,9,Y54,99,2026,43,e,,FILTER__ITC1,,,,,,,
IT1:22_289_DF_DCIS_POPRES1_24(1.0),A,001001,JAN,9,Y55,99,2025,45,,,FILTER__ITC1,,,,,,,
IT1:22_289_DF_DCIS_POPRES1_24(1.0),A,001001,JAN,9,Y55,99,2026,37,e,,FILTER__ITC1,,,,,,,
IT1:22_289_DF_DCIS_POPRES1_24(1.0),A,001001,JAN,9,Y56,99,2025,49,,,FILTER__ITC1,,,,,,,
IT1:22_289_DF_DCIS_POPRES1_24(1.0),A,001001,JAN,9,Y56,99,2026,46,e,,FILTER__ITC1,,,,,,,
IT1:22_289_DF_DCIS_POPRES1_24(1.0),A,001001,JAN,9,Y57,99,2025,36,,,FILTER__ITC1,,,,,,,
IT1:22_289_DF_DCIS_POPRES1_24(1.0),A,001001,JAN,9,Y57,99,2026,49,e,,FILTER__ITC1,,,,,,,
IT1:22_289_DF_DCIS_POPRES1_24(1.0),A,001001,JAN,9,Y58,99,2025,42,,,FILTER__ITC1,,,,,,,
IT1:22_289_DF_DCIS_POPRES1_24(1.0),A,001001,JAN,9,Y58,99,2026,37,e,,FILTER__ITC1,,,,,,,
IT1:22_289_DF_DCIS_POPRES1_24(1.0),A,001001,JAN,9,Y59,99,2025,52,,,FILTER__ITC1,,,,,,,
IT1:22_289_DF_DCIS_POPRES1_24(1.0),A,001001,JAN,9,Y59,99,2026,43,e,,FILTER__ITC1,,,,,,,
IT1:22_289_DF_DCIS_POPRES1_24(1.0),A,001001,JAN,9,Y6,99,2025,22,,,FILTER__ITC1,,,,,,,
IT1:22_289_DF_DCIS_POPRES1_24(1.0),A,001001,JAN,9,Y6,99,2026,18,e,,FILTER__ITC1,,,,,,,
IT1:22_289_DF_DCIS_POPRES1_24(1.0),A,001001,JAN,9,Y60,99,2025,54,,,FILTER__ITC1,,,,,,,
IT1:22_289_DF_DCIS_POPRES1_24(1.0),A,001001,JAN,9,Y60,99,2026,51,e,,FILTER__ITC1,,,,,,,
IT1:22_289_DF_DCIS_POPRES1_24(1.0),A,001001,JAN,9,Y61,99,2025,53,,,FILTER__ITC1,,,,,,,
IT1:22_289_DF_DCIS_POPRES1_24(1.0),A,001001,JAN,9,Y61,99,2026,52,e,,FILTER__ITC1,,,,,,,
IT1:22_289_DF_DCIS_POPRES1_24(1.0),A,001001,JAN,9,Y62,99,2025,37,,,FILTER__ITC1,,,,,,,
IT1:22_289_DF_DCIS_POPRES1_24(1.0),A,001001,JAN,9,Y62,99,2026,51,e,,FILTER__ITC1,,,,,,,
IT1:22_289_DF_DCIS_POPRES1_24(1.0),A,001001,JAN,9,Y63,99,2025,42,,,FILTER__ITC1,,,,,,,
IT1:22_289_DF_DCIS_POPRES1_24(1.0),A,001001,JAN,9,Y63,99,2026,38,e,,FILTER__ITC1,,,,,,,
IT1:22_289_DF_DCIS_POPRES1_24(1.0),A,001001,JAN,9,Y64,99,2025,43,,,FILTER__ITC1,,,,,,,
IT1:22_289_DF_DCIS_POPRES1_24(1.0),A,001001,JAN,9,Y64,99,2026,41,e,,FILTER__ITC1,,,,,,,
IT1:22_289_DF_DCIS_POPRES1_24(1.0),A,001001,JAN,9,Y65,99,2025,39,,,FILTER__ITC1,,,,,,,
IT1:22_289_DF_DCIS_POPRES1_24(1.0),A,001001,JAN,9,Y65,99,2026,42,e,,FILTER__ITC1,,,,,,,
IT1:22_289_DF_DCIS_POPRES1_24(1.0),A,001001,JAN,9,Y66,99,2025,26,,,FILTER__ITC1,,,,,,,
IT1:22_289_DF_DCIS_POPRES1_24(1.0),A,001001,JAN,9,Y66,99,2026,38,e,,FILTER__ITC1,,,,,,,
IT1:22_289_DF_DCIS_POPRES1_24(1.0),A,001001,JAN,9,Y67,99,2025,28,,,FILTER__ITC1,,,,,,,
IT1:22_289_DF_DCIS_POPRES1_24(1.0),A,001001,JAN,9,Y67,99,2026,26,e,,FILTER__ITC1,,,,,,,
IT1:22_289_DF_DCIS_POPRES1_24(1.0),A,001001,JAN,9,Y68,99,2025,29,,,FILTER__ITC1,,,,,,,
IT1:22_289_DF_DCIS_POPRES1_24(1.0),A,001001,JAN,9,Y68,99,2026,27,e,,FILTER__ITC1,,,,,,,
IT1:22_289_DF_DCIS_POPRES1_24(1.0),A,001001,JAN,9,Y69,99,2025,33,,,FILTER__ITC1,,,,,,,
IT1:22_289_DF_DCIS_POPRES1_24(1.0),A,001001,JAN,9,Y69,99,2026,29,e,,FILTER__ITC1,,,,,,,
IT1:22_289_DF_DCIS_POPRES1_24(1.0),A,001001,JAN,9,Y7,99,2025,15,,,FILTER__ITC1,,,,,,,
IT1:22_289_DF_DCIS_POPRES1_24(1.0),A,001001,JAN,9,Y7,99,2026,19,e,,FILTER__ITC1,,,,,,,
IT1:22_289_DF_DCIS_POPRES1_24(1.0),A,001001,JAN,9,Y70,99,2025,30,,,FILTER__ITC1,,,,,,,
IT1:22_289_DF_DCIS_POPRES1_24(1.0),A,001001,JAN,9,Y70,99,2026,32,e,,FILTER__ITC1,,,,,,,
IT1:22_289_DF_DCIS_POPRES1_24(1.0),A,001001,JAN,9,Y71,99,2025,26,,,FILTER__ITC1,,,,,,,
IT1:22_289_DF_DCIS_POPRES1_24(1.0),A,001001,JAN,9,Y71,99,2026,30,e,,FILTER__ITC1,,,,,,,
IT1:22_289_DF_DCIS_POPRES1_24(1.0),A,001001,JAN,9,Y72,99,2025,30,,,FILTER__ITC1,,,,,,,
IT1:22_289_DF_DCIS_POPRES1_24(1.0),A,001001,JAN,9,Y72,99,2026,26,e,,FILTER__ITC1,,,,,,,
IT1:22_289_DF_DCIS_POPRES1_24(1.0),A,001001,JAN,9,Y73,99,2025,42,,,FILTER__ITC1,,,,,,,
IT1:22_289_DF_DCIS_POPRES1_24(1.0),A,001001,JAN,9,Y73,99,2026,26,e,,FILTER__ITC1,,,,,,,
IT1:22_289_DF_DCIS_POPRES1_24(1.0),A,001001,JAN,9,Y74,99,2025,38,,,FILTER__ITC1,,,,,,,
IT1:22_289_DF_DCIS_POPRES1_24(1.0),A,001001,JAN,9,Y74,99,2026,41,e,,FILTER__ITC1,,,,,,,
IT1:22_289_DF_DCIS_POPRES1_24(1.0),A,001001,JAN,9,Y75,99,2025,26,,,FILTER__ITC1,,,,,,,
IT1:22_289_DF_DCIS_POPRES1_24(1.0),A,001001,JAN,9,Y75,99,2026,36,e,,FILTER__ITC1,,,,,,,
IT1:22_289_DF_DCIS_POPRES1_24(1.0),A,001001,JAN,9,Y76,99,2025,48,,,FILTER__ITC1,,,,,,,
IT1:22_289_DF_DCIS_POPRES1_24(1.0),A,001001,JAN,9,Y76,99,2026,25,e,,FILTER__ITC1,,,,,,,
IT1:22_289_DF_DCIS_POPRES1_24(1.0),A,001001,JAN,9,Y77,99,2025,25,,,FILTER__ITC1,,,,,,,
IT1:22_289_DF_DCIS_POPRES1_24(1.0),A,001001,JAN,9,Y77,99,2026,43,e,,FILTER__ITC1,,,,,,,
IT1:22_289_DF_DCIS_POPRES1_24(1.0),A,001001,JAN,9,Y78,99,2025,16,,,FILTER__ITC1,,,,,,,
IT1:22_289_DF_DCIS_POPRES1_24(1.0),A,001001,JAN,9,Y78,99,2026,23,e,,FILTER__ITC1,,,,,,,
IT1:22_289_DF_DCIS_POPRES1_24(1.0),A,001001,JAN,9,Y79,99,2025,25,,,FILTER__ITC1,,,,,,,
IT1:22_289_DF_DCIS_POPRES1_24(1.0),A,001001,JAN,9,Y79,99,2026,15,e,,FILTER__ITC1,,,,,,,
IT1:22_289_DF_DCIS_POPRES1_24(1.0),A,001001,JAN,9,Y8,99,2025,16,,,FILTER__ITC1,,,,,,,
IT1:22_289_DF_DCIS_POPRES1_24(1.0),A,001001,JAN,9,Y8,99,2026,16,e,,FILTER__ITC1,,,,,,,
IT1:22_289_DF_DCIS_POPRES1_24(1.0),A,001001,JAN,9,Y80,99,2025,20,,,FILTER__ITC1,,,,,,,
IT1:22_289_DF_DCIS_POPRES1_24(1.0),A,001001,JAN,9,Y80,99,2026,25,e,,FILTER__ITC1,,,,,,,
IT1:22_289_DF_DCIS_POPRES1_24(1.0),A,001001,JAN,9,Y81,99,2025,23,,,FILTER__ITC1,,,,,,,
IT1:22_289_DF_DCIS_POPRES1_24(1.0),A,001001,JAN,9,Y81,99,2026,20,e,,FILTER__ITC1,,,,,,,
IT1:22_289_DF_DCIS_POPRES1_24(1.0),A,001001,JAN,9,Y82,99,2025,27,,,FILTER__ITC1,,,,,,,
IT1:22_289_DF_DCIS_POPRES1_24(1.0),A,001001,JAN,9,Y82,99,2026,24,e,,FILTER__ITC1,,,,,,,
IT1:22_289_DF_DCIS_POPRES1_24(1.0),A,001001,JAN,9,Y83,99,2025,27,,,FILTER__ITC1,,,,,,,
IT1:22_289_DF_DCIS_POPRES1_24(1.0),A,001001,JAN,9,Y83,99,2026,26,e,,FILTER__ITC1,,,,,,,
IT1:22_289_DF_DCIS_POPRES1_24(1.0),A,001001,JAN,9,Y84,99,2025,24,,,FILTER__ITC1,,,,,,,
IT1:22_289_DF_DCIS_POPRES1_24(1.0),A,001001,JAN,9,Y84,99,2026,26,e,,FILTER__ITC1,,,,,,,
IT1:22_289_DF_DCIS_POPRES1_24(1.0),A,001001,JAN,9,Y85,99,2025,18,,,FILTER__ITC1,,,,,,,
IT1:22_289_DF_DCIS_POPRES1_24(1.0),A,001001,JAN,9,Y85,99,2026,23,e,,FILTER__ITC1,,,,,,,
IT1:22_289_DF_DCIS_POPRES1_24(1.0),A,001001,JAN,9,Y86,99,2025,20,,,FILTER__ITC1,,,,,,,
IT1:22_289_DF_DCIS_POPRES1_24(1.0),A,001001,JAN,9,Y86,99,2026,16,e,,FILTER__ITC1,,,,,,,
IT1:22_289_DF_DCIS_POPRES1_24(1.0),A,001001,JAN,9,Y87,99,2025,23,,,FILTER__ITC1,,,,,,,
IT1:22_289_DF_DCIS_POPRES1_24(1.0),A,001001,JAN,9,Y87,99,2026,17,e,,FILTER__ITC1,,,,,,,
IT1:22_289_DF_DCIS_POPRES1_24(1.0),A,001001,JAN,9,Y88,99,2025,12,,,FILTER__ITC1,,,,,,,
IT1:22_289_DF_DCIS_POPRES1_24(1.0),A,001001,JAN,9,Y88,99,2026,21,e,,FILTER__ITC1,,,,,,,
IT1:22_289_DF_DCIS_POPRES1_24(1.0),A,001001,JAN,9,Y89,99,2025,14,,,FILTER__ITC1,,,,,,,
IT1:22_289_DF_DCIS_POPRES1_24(1.0),A,001001,JAN,9,Y89,99,2026,12,e,,FILTER__ITC1,,,,,,,
IT1:22_289_DF_DCIS_POPRES1_24(1.0),A,001001,JAN,9,Y9,99,2025,27,,,FILTER__ITC1,,,,,,,
IT1:22_289_DF_DCIS_POPRES1_24(1.0),A,001001,JAN,9,Y9,99,2026,16,e,,FILTER__ITC1,,,,,,,
IT1:22_289_DF_DCIS_POPRES1_24(1.0),A,001001,JAN,9,Y90,99,2025,9,,,FILTER__ITC1,,,,,,,
IT1:22_289_DF_DCIS_POPRES1_24(1.0),A,001001,JAN,9,Y90,99,2026,12,e,,FILTER__ITC1,,,,,,,
IT1:22_289_DF_DCIS_POPRES1_24(1.0),A,001001,JAN,9,Y91,99,2025,8,,,FILTER__ITC1,,,,,,,
IT1:22_289_DF_DCIS_POPRES1_24(1.0),A,001001,JAN,9,Y91,99,2026,9,e,,FILTER__ITC1,,,,,,,
IT1:22_289_DF_DCIS_POPRES1_24(1.0),A,001001,JAN,9,Y92,99,2025,10,,,FILTER__ITC1,,,,,,,
IT1:22_289_DF_DCIS_POPRES1_24(1.0),A,001001,JAN,9,Y92,99,2026,8,e,,FILTER__ITC1,,,,,,,
IT1:22_289_DF_DCIS_POPRES1_24(1.0),A,001001,JAN,9,Y93,99,2025,7,,,FILTER__ITC1,,,,,,,
IT1:22_289_DF_DCIS_POPRES1_24(1.0),A,001001,JAN,9,Y93,99,2026,10,e,,FILTER__ITC1,,,,,,,
IT1:22_289_DF_DCIS_POPRES1_24(1.0),A,001001,JAN,9,Y94,99,2025,3,,,FILTER__ITC1,,,,,,,
IT1:22_289_DF_DCIS_POPRES1_24(1.0),A,001001,JAN,9,Y94,99,2026,6,e,,FILTER__ITC1,,,,,,,
IT1:22_289_DF_DCIS_POPRES1_24(1.0),A,001001,JAN,9,Y95,99,2025,3,,,FILTER__ITC1,,,,,,,
IT1:22_289_DF_DCIS_POPRES1_24(1.0),A,001001,JAN,9,Y95,99,2026,3,e,,FILTER__ITC1,,,,,,,
IT1:22_289_DF_DCIS_POPRES1_24(1.0),A,001001,JAN,9,Y96,99,2025,3,,,FILTER__ITC1,,,,,,,
IT1:22_289_DF_DCIS_POPRES1_24(1.0),A,001001,JAN,9,Y96,99,2026,1,e,,FILTER__ITC1,,,,,,,
IT1:22_289_DF_DCIS_POPRES1_24(1.0),A,001001,JAN,9,Y97,99,2025,2,,,FILTER__ITC1,,,,,,,
IT1:22_289_DF_DCIS_POPRES1_24(1.0),A,001001,JAN,9,Y97,99,2026,2,e,,FILTER__ITC1,,,,,,,
IT1:22_289_DF_DCIS_POPRES1_24(1.0),A,001001,JAN,9,Y98,99,2025,1,,,FILTER__ITC1,,,,,,,
IT1:22_289_DF_DCIS_POPRES1_24(1.0),A,001001,JAN,9,Y98,99,2026,1,e,,FILTER__ITC1,,,,,,,
IT1:22_289_DF_DCIS_POPRES1_24(1.0),A,001001,JAN,9,Y99,99,2025,0,,,FILTER__ITC1,,,,,,,
IT1:22_289_DF_DCIS_POPRES1_24(1.0),A,001001,JAN,9,Y99,99,2026,1,e,,FILTER__ITC1,,,,,,,
